targetRttMs,backend,pointBeforeRttMs,pointAfterRttMs,jobId,observedBeforeRttMs,observedAfterRttMs,overallTps,decodeTps,ttftMs,elapsedMs,decodeMs,effectivePromptTps,itl_mean_ms,itl_median_ms,itl_p95_ms,itl_p99_ms,itl_min_ms,itl_max_ms,prefillTps,prefillMs
5,wanferenz-greedy,4.8992320080287755,4.655674449168146,greedy-1,4.6079529565759,5.278912954963744,7.08608757232495,7.465794812102024,1052.6110000209883,18063.564511947334,17010.9148719348,24.700482893948077,133.9442115900378,133.58063797932118,137.33828242402524,139.21756743686274,131.09476794488728,139.62387409992516,24.834942623978627,1046.9120220514014
5,wanferenz-greedy,4.8992320080287755,4.655674449168146,greedy-2,5.037761467974633,5.141338042449206,7.081990927960083,7.464076849945909,1059.152466012165,18074.013550998643,17014.830172993243,24.547929438235737,133.97504073223027,133.5305239772424,137.6204718835652,139.37109063379467,130.93289197422564,140.1555340271443,24.67582420729031,1053.6628799745813
5,wanferenz-greedy,4.8992320080287755,4.655674449168146,greedy-3,4.746641498059034,4.695962066762149,7.056971092890493,7.435428171259917,1057.6634960016236,18138.093286077492,17080.388254020363,24.58248781232409,134.49124609464852,134.16257593780756,137.8128191223368,139.66297728708014,131.80645008105785,141.46781107410789,24.708507512125475,1052.2691420046613
5,wanferenz-greedy,4.8992320080287755,4.655674449168146,greedy-4,4.711562010925263,4.655674449168146,7.072005283149255,7.44924891442476,1050.8045760216191,18099.53399002552,17048.698661965318,24.7429451615417,134.24172174775842,133.85334296617657,138.2671504514292,139.1571717034094,131.1624770751223,139.42448003217578,24.91027976089512,1043.7458049273118
5,wanferenz-dspark,4.8992320080287755,4.655674449168146,spec-1,4.623065527994186,4.936625482514501,9.262949286816987,10.010909934545454,1051.3540180400014,13818.493013037369,12686.159483040683,24.730014394647764,99.89101955150144,81.7772060399875,156.0305240098387,157.96292250044644,79.6543899923563,162.58830192964524,24.865383760596817,1045.630353037268
5,wanferenz-dspark,4.8992320080287755,4.655674449168146,spec-2,4.963897459674627,4.942705505527556,9.264571993972417,10.013251115455192,1052.344865980558,13816.072678077035,12683.193354052491,24.706729552743735,99.86766420513773,81.76344900857657,154.9949106760323,157.62653911486268,79.85655195079744,159.6414860105142,24.84416020509893,1046.523600933142
5,wanferenz-dspark,4.8992320080287755,4.655674449168146,spec-3,4.316257545724511,4.678913974203169,9.267771687446034,10.01863037452529,1054.429373005405,13811.302685993724,12676.38342292048,24.65788668793725,99.81404270016127,81.67976094409823,155.53822425426915,158.4337632241659,80.1348319509998,161.37748898472637,24.78130321096944,1049.1780750453472
5,wanferenz-dspark,4.8992320080287755,4.655674449168146,spec-4,4.550729994662106,4.535913991276175,9.254489420863434,9.999277683684385,1049.3357179220766,13831.1250009574,12700.917407986708,24.777580288114002,100.00722368493471,81.67755592148751,156.8088962463662,158.93605162156746,79.67993791680783,161.36616503354162,24.916965865189738,1043.4657309670001
5,llama.cpp-rpc,5.326517974026501,5.23116544354707,llama-1,4.99119603773579,5.387293465901166,9.264946869661053,10.274278245648363,1454.4206589926034,13815.513656008989,12360.96560396254,17.876533751939938,97.3304378264767,97.21437899861485,100.9913184447214,106.08450866769998,92.70511195063591,110.76940898783505,30.40462711648363,855.133
5,llama.cpp-rpc,5.326517974026501,5.23116544354707,llama-2,5.175276950467378,4.841347981709987,9.833241683398327,10.434866071870974,846.177369938232,13017.070475965738,12170.735985040665,30.726418507148104,95.83256681134381,95.55714100133628,99.08630280988291,102.75913533288984,91.48212999571115,110.87729805149138,30.785224513090235,844.561
5,llama.cpp-rpc,5.326517974026501,5.23116544354707,llama-3,4.853636026382446,5.1688289968296885,9.702051566913418,10.287900689903916,848.3658409677446,13193.085927981883,12344.598167110234,30.64715567795773,97.20156037094672,97.17306611128151,100.46513241250068,102.45715607888997,92.06486993934959,119.34168403968215,30.68798931113726,847.237
5,llama.cpp-rpc,5.326517974026501,5.23116544354707,llama-4,5.022836499847472,5.23116544354707,9.672900008679179,10.282712247623508,881.8970150314271,13232.846394064836,12350.826994050294,29.481900445114295,97.25060625236452,96.49099898524582,102.80138434609398,108.93701332155612,93.03474600892514,115.54059595800936,29.52803971294203,880.519
10,wanferenz-greedy,10.602461523376405,10.562615469098091,greedy-1,10.167349013499916,10.19749348051846,6.791478185754932,7.142614566331358,1066.5032230317593,18847.14880899992,17780.60384199489,24.3787355148253,140.0047546613771,139.62997891940176,143.91521333018318,145.66518719308078,136.76745106931776,146.7327510472387,24.632836554938827,1055.501665105112
10,wanferenz-greedy,10.602461523376405,10.562615469098091,greedy-2,10.407069989014417,10.533638473134488,6.800814253724369,7.150015988991985,1059.0389299904928,18821.275692083873,17762.198042008094,24.550561139648952,139.85982710242595,139.52626194804907,143.26520325848833,144.40095089375973,136.8215730180964,144.7792568942532,24.803532483757706,1048.2377869775519
10,wanferenz-greedy,10.602461523376405,10.562615469098091,greedy-3,10.408718546386808,10.40555106010288,6.77574472013491,7.1242936645700325,1064.5434899488464,18890.912406961434,17826.328612980433,24.423614671909135,140.36479222819239,140.1634649373591,143.44659277703613,145.98418100504205,137.20378302969038,147.6622560294345,24.66805498279569,1053.994731977582
10,wanferenz-greedy,10.602461523376405,10.562615469098091,greedy-4,10.750319459475577,10.562615469098091,6.763169821883254,7.1150256380300405,1076.4459680067375,18926.03666195646,17849.54917395953,24.153557886555497,140.54763129101994,140.31923504080623,143.26192849548534,144.96135988505557,136.91772997844964,145.04797500558197,24.416245324480126,1064.8647920461372
10,wanferenz-dspark,10.602461523376405,10.562615469098091,spec-1,10.573621955700219,10.776462033390999,9.096637855575931,9.824255224198994,1062.775828060694,14071.132877026685,12927.188585978001,24.46423724883134,101.78888650376379,81.93001500330865,160.77246859204024,163.2826994219795,79.6149899251759,165.85361608304083,24.704393333345497,1052.4443830363452
10,wanferenz-dspark,10.602461523376405,10.562615469098091,spec-2,10.397382022347301,10.387902497313917,9.082007257702534,9.840697419442975,1106.105365906842,14093.800672912039,12905.589369009249,23.505898082940647,101.61881392920668,81.8940500030294,161.0017605824396,164.2542524682358,79.87079897429794,165.77029100153595,23.738428522302854,1095.2704799128696
10,wanferenz-dspark,10.602461523376405,10.562615469098091,spec-3,10.535990993957967,11.047704028896987,9.094410064162554,9.83518311954817,1080.6338969850913,14074.579779990017,12912.825156003237,24.059952285911592,101.67578862994675,82.03991001937538,161.36489611817524,164.47323059430346,80.06858103908598,167.59905696380883,24.293416951129466,1070.2487860107794
10,wanferenz-dspark,10.602461523376405,10.562615469098091,spec-4,10.922015004325658,10.35460754064843,9.107676954217425,9.846701686036612,1074.7627629898489,14054.077745997347,12897.719871019945,24.191385201764355,101.5568493781098,81.9824249483645,161.13948150305077,164.06562122749165,80.18559101037681,165.1467219926417,24.44877852253205,1063.4478109423071
10,llama.cpp-rpc,9.315076982602477,9.906327992212027,llama-1,9.403797972481698,9.684799530077726,8.91057588598288,9.702006714088162,1274.7502330457792,14364.952572970651,13090.07545991335,20.396152380280665,103.07146031427835,103.0183529946953,106.51057023787871,109.02849599951877,97.8288120822981,120.02221390139312,20.41688130567527,1273.456
10,llama.cpp-rpc,9.315076982602477,9.906327992212027,llama-2,9.967504011001438,9.697647008579224,8.949609054717149,9.761308488280317,1291.6291609872133,14302.300716983154,13010.550803970546,20.12961675480273,102.44528192102791,102.23761398810893,105.9427918982692,109.20330711640416,96.31733305286616,121.9011009670794,20.14829142488717,1290.432
10,llama.cpp-rpc,9.315076982602477,9.906327992212027,llama-3,9.791479504201561,10.458122473210096,8.840293604077356,9.599246882320417,1248.7728099804372,14479.157110909,13230.204573017545,20.820440509436867,104.17483915761846,103.74128306284547,109.88893646281213,113.49594353465362,99.1063859546557,115.55173096712679,20.847014186393153,1247.181
10,llama.cpp-rpc,9.315076982602477,9.906327992212027,llama-4,9.320821496658027,9.906327992212027,9.001606840326097,9.838010986004795,1310.3560470044613,14219.68347101938,12909.113456029445,19.841935372784583,101.64656264590114,101.27348103560507,105.29197552241384,109.49505219468845,98.15625206101686,115.60259503312409,19.859774713770996,1309.179
15,wanferenz-greedy,14.44907404948026,13.888236077036709,greedy-1,14.416891033761203,14.354371523950249,6.625196285007456,6.961547796451092,1077.0704400492832,19320.18230005633,18243.06946003344,24.139553954159513,143.64621622073574,143.44668795820326,146.43576325615868,147.72796531906351,140.82970994058996,148.07433902751654,24.474993755648303,1062.308749067597
15,wanferenz-greedy,14.44907404948026,13.888236077036709,greedy-2,13.90702003845945,13.97312298649922,6.648275096578084,6.988276877328462,1079.7892840346321,19253.114250022918,18173.292533960193,24.078772020084337,143.09679160598577,142.80394196975976,146.12799194874242,146.776059740223,139.75789304822683,147.96609000768512,24.406380320158544,1065.2952080126852
15,wanferenz-greedy,14.44907404948026,13.888236077036709,greedy-3,14.169820002280176,14.239884039852768,6.627643406055159,6.964730055890124,1078.2714650267735,19313.048720010556,18234.73400704097,24.112666284231512,143.58058273260608,143.20052100811154,147.44954290799797,148.1941078044474,140.13332000467926,148.41793500818312,24.425972040949386,1064.4407500512898
15,wanferenz-greedy,14.44907404948026,13.888236077036709,greedy-4,14.47245298186317,13.888236077036709,6.643179762072662,6.985096812947057,1086.2823869101703,19267.88143394515,18181.566183106042,23.934844487311068,143.1619384496539,142.92798400856555,146.15374786080793,147.8653218015097,140.27142198756337,148.9431879017502,24.252511343569548,1072.0539259491488
15,wanferenz-dspark,14.44907404948026,13.888236077036709,spec-1,14.197051001247019,13.670402520801872,9.016576265226798,9.74015989090828,1074.2012939881533,14196.07578695286,13038.800330017693,24.204029678153354,102.66771913399758,82.00596901588142,165.71559217991307,168.2710450491868,79.85433598514646,170.01202295068651,24.51856729874585,1060.42085099034
15,wanferenz-dspark,14.44907404948026,13.888236077036709,spec-2,14.147642941679806,14.021259499713778,9.018231394005356,9.749592619362533,1085.7662480557337,14193.470361060463,13026.18529391475,23.94622235362154,102.56838814106102,82.19521900173277,164.65835797134787,166.19210895849392,79.81097605079412,172.8370530763641,24.285148804938693,1070.6131639890373
15,wanferenz-dspark,14.44907404948026,13.888236077036709,spec-3,13.900491932872683,14.466716500464827,9.018627248044206,9.743382418021314,1076.3408119091764,14192.847367958166,13034.487876109779,24.155917635309297,102.63376280401401,82.05899898894131,165.44167771935463,167.50968690030277,79.28342907689512,168.09231997467577,24.470410230514144,1062.5077289296314
15,wanferenz-dspark,14.44907404948026,13.888236077036709,spec-4,14.11348395049572,13.995988934766501,9.001669817373582,9.724570968091939,1078.424412989989,14219.583987956867,13059.702110942453,24.10924649592605,102.83230008616106,82.02546508982778,167.83606059616432,170.0083843898028,79.95839009527117,170.84893491119146,24.432334971143433,1064.163536997512
15,llama.cpp-rpc,15.360718010924757,14.82951600337401,llama-1,15.265597496181726,15.105557511560619,8.279706162707713,9.276992734066773,1769.4875270826742,15459.48581804987,13689.781122026034,14.693519791499059,107.79355214193727,107.89737908635288,110.9233872499317,114.77714007021859,101.96332400664687,118.92300797626376,14.70614852757516,1767.968
15,llama.cpp-rpc,15.360718010924757,14.82951600337401,llama-2,15.204365481622517,15.376030059996992,8.328706324908874,9.337453882431511,1767.2729369951412,15368.53323993273,13601.138125988655,14.711932410512254,107.09557579518626,106.92870302591473,110.00596326775849,111.48929079994559,102.39902092143893,120.72517594788224,14.725280077658862,1765.671
15,llama.cpp-rpc,15.360718010924757,14.82951600337401,llama-3,15.532614546827972,15.054980525746942,8.500575603601604,9.529761584267185,1730.9966920875013,15057.803843985312,13326.671278919093,15.02024822973244,104.93441951904798,104.59747700951993,107.89994345977902,111.8784855189733,101.2076559709385,121.74008996225893,15.033985480639405,1729.415
15,llama.cpp-rpc,15.360718010924757,14.82951600337401,llama-4,15.215996943879873,14.82951600337401,8.431865290056724,9.447962886747435,1738.3361409883946,15180.50817900803,13442.05110904295,14.956831067906549,105.84292211844843,106.01933894213289,108.76462591113523,109.97258436633274,100.68262903951108,122.46396602131426,14.965630853144567,1737.314
20,wanferenz-greedy,19.834914011880755,19.892836513463408,greedy-1,20.43970749946311,19.842442532535642,6.384915752433204,6.700528424407675,1093.4815199580044,20047.24963696208,18953.729012981057,23.777265116468126,149.24196073213432,148.72444502543658,152.99441769020632,153.75114064197987,146.49612305220217,156.51488304138184,24.26783831401466,1071.3768430287018
20,wanferenz-greedy,19.834914011880755,19.892836513463408,greedy-2,20.802331971935928,20.05303598707542,6.3724368147590695,6.68541520438034,1089.9013039888814,20086.507519939914,18996.576295932755,23.855371036665204,149.57934091285634,149.44392396137118,152.24600444780663,153.24819183675572,147.00825710315257,153.46916008275002,24.336702356413134,1068.3452350785956
20,wanferenz-greedy,19.834914011880755,19.892836513463408,greedy-3,19.76146752713248,20.284292986616492,6.398227907124016,6.713778201986824,1089.18498409912,20005.539324018173,18916.323443991132,23.871059902193714,148.94742869284357,148.4128199517727,152.68730423413217,153.69604039937258,146.28707501105964,154.83026509173214,24.33229990662713,1068.538531078957
20,wanferenz-greedy,19.834914011880755,19.892836513463408,greedy-4,20.40977351134643,19.892836513463408,6.37734016695248,6.692579870055392,1094.7934439172968,20071.06358592864,18976.239726063795,23.748772103502017,149.4192104414472,149.34621809516102,152.81789489090443,153.83014309220016,146.5091590071097,155.02670407295227,24.19139123379718,1074.762495001778
20,wanferenz-dspark,19.834914011880755,19.892836513463408,spec-1,19.82015499379486,19.994651491288096,8.764171204445567,9.454258943531515,1089.9716139538214,14604.917797027156,13433.099385001697,23.853832216498013,105.77243610237556,85.02238604705781,171.6345063992776,173.07956596137956,80.38361300714314,173.61147899646312,24.303865252850038,1069.7886829730123
20,wanferenz-dspark,19.834914011880755,19.892836513463408,spec-2,19.80488299159333,20.167732029221952,8.74918376411422,9.445685657385186,1102.8826800175011,14629.936169018038,13445.29180903919,23.57458365343757,105.86843944125347,85.19940997939557,171.29471483640373,175.0608941516839,80.91633499134332,176.2384750181809,24.032370879468758,1081.8741159746423
20,wanferenz-dspark,19.834914011880755,19.892836513463408,spec-3,20.292876521125436,20.640356990043074,8.755172047839789,9.445729670897874,1092.2552739502862,14619.929717038758,13445.229159086011,23.803959220968142,105.86794613453553,85.4968389030546,171.7258770368062,174.02256647823378,79.90030397195369,176.26182595267892,24.294047405771863,1070.221011992544
20,wanferenz-dspark,19.834914011880755,19.892836513463408,spec-4,20.27944498695433,20.557101001031697,8.76848369332381,9.462327175618386,1093.3419429929927,14597.734850947745,13421.645398950204,23.78030054241378,105.68224723582838,84.89477494731545,170.39508438901976,172.79687920119613,80.59233892709017,173.59076905995607,24.22433344158651,1073.3009460382164
20,llama.cpp-rpc,19.003892492037266,19.41099000396207,llama-1,19.328973430674523,19.350990012753755,7.56992612196001,8.585118280481222,2115.8436719560996,16909.01574702002,14793.040218064561,12.288242437099795,116.48063163830363,116.5535890031606,122.76740319794044,124.23705874709412,105.42703198734671,126.73510098829865,12.29484746586643,2114.707
20,llama.cpp-rpc,19.003892492037266,19.41099000396207,llama-2,19.23734153388068,19.333694013766944,7.666183838044128,8.721366124408538,2134.643647936173,16696.70369301457,14561.93882797379,12.18001891094912,114.66093565333694,114.51460397802293,121.15778725128621,121.68037692084908,104.79219804983586,130.00802707392722,12.190701964062749,2132.773
20,llama.cpp-rpc,19.003892492037266,19.41099000396207,llama-3,19.079284509643912,19.746880047023296,7.849174794945812,8.96026524301523,2133.637559018098,16307.446749997325,14173.687558970414,12.185762239752297,111.60383904701114,111.36648000683635,115.85885162930936,117.49679762637241,106.69366095680743,130.27340394910425,12.19457857178034,2132.095
20,llama.cpp-rpc,19.003892492037266,19.41099000396207,llama-4,19.661191443447024,19.41099000396207,7.767205202930042,8.856717814682181,2140.021806000732,16479.54401304014,14339.39780597575,12.14940891120579,112.90864414154134,112.42987494915724,118.70138901285827,121.84138807700946,105.25661497376859,130.28650800697505,12.157486205929114,2138.6
25,wanferenz-greedy,24.205065448768437,24.097291461657733,greedy-1,24.00346501963213,23.789657570887357,6.217259266712008,6.518214836338665,1103.9534439332783,20587.849807925522,19483.862251974642,23.551717821871673,153.41623820452475,152.9053639387712,157.1539570693858,158.13289468409494,150.3145128954202,159.76010798476636,24.09900402625506,1078.8827609503642
25,wanferenz-greedy,24.205065448768437,24.097291461657733,greedy-2,24.112402461469173,24.420682981144637,6.221730501736074,6.517942169056783,1088.3321970468387,20573.05438804906,19484.67732698191,23.88976460546727,153.4226561179678,153.21003994904459,156.24191018287092,158.28073255484924,150.3579899435863,159.42299098242074,24.441346538948746,1063.7711780145764
25,wanferenz-greedy,24.205065448768437,24.097291461657733,greedy-3,24.176698992960155,24.10069847246632,6.22299786952843,6.524866395576311,1104.8320810077712,20568.864506087266,19464.00007302873,23.532987905532334,153.2598430947144,152.9208089923486,156.14019382046536,157.4710131296888,150.03555791918188,158.5691359359771,24.057568287496416,1080.7409830158576
25,wanferenz-greedy,24.205065448768437,24.097291461657733,greedy-4,24.225514964200556,24.097291461657733,6.214348696608882,6.5144333295011565,1102.287834044546,20597.492392058484,19495.1722699916,23.587305599300738,153.50529346450077,152.98265300225466,157.7690266771242,159.21940593747422,150.58621892239898,159.81187799479812,24.16098747737172,1076.1149569880217
25,wanferenz-dspark,24.205065448768437,24.097291461657733,spec-1,24.50976998079568,24.466850562021136,8.577950079533139,9.244119209682715,1101.5793440164998,14921.980055049062,13738.464110996574,23.60247597345159,108.17688276375256,87.85673405509442,174.321121070534,177.19697559718043,80.5371270980686,182.86632490344346,24.137751473983087,1077.1508699981496
25,wanferenz-dspark,24.205065448768437,24.097291461657733,spec-2,24.07870552269742,24.26993049448356,8.55512239566462,9.223341172844874,1105.4151320131496,14961.79646300152,13769.41366691608,23.5205754354471,108.42058005445732,88.67379301227629,175.34181472146884,177.56540411617607,80.61757509130985,178.21702605579048,24.081650338988965,1079.6602240297943
25,wanferenz-dspark,24.205065448768437,24.097291461657733,spec-3,23.87441898463294,24.328634957782924,8.55018993818812,9.215151021550493,1106.6908949287608,14970.427665975876,13781.651510973461,23.49346156107452,108.51694103128709,88.80470704752952,175.9335451060906,177.91550516150892,79.67868109699339,178.3677509520203,24.017692185772777,1082.5353160034865
25,wanferenz-dspark,24.205065448768437,24.097291461657733,spec-4,24.087802972644567,24.106042983476073,8.575254565807958,9.240644089502192,1100.8142399368808,14926.67057493236,13743.630722048692,23.618880512929053,108.21756474054088,89.25982902292162,174.42047916119918,177.56420701975003,79.6478179981932,178.81898500490934,24.182334895041546,1075.1649959711358
25,llama.cpp-rpc,25.190165091771632,25.68856708239764,llama-1,25.116997014265507,25.325293478090316,7.238229761132142,8.442107357893597,2640.116489958018,17683.881863951683,15043.63716498483,9.848050303421816,118.45383594476245,118.23604302480817,122.21517553552985,124.9514670181088,112.0304650394246,130.0980430096388,9.853669222177881,2638.611
25,llama.cpp-rpc,25.190165091771632,25.68856708239764,llama-2,25.188684987369925,25.088949012570083,7.3521436585271065,8.583131927117742,2613.238601014018,17409.888318972662,14796.463700942695,9.94934025156034,116.50758819639917,116.81731697171926,119.89438979653642,123.24119077296928,110.1163940038532,130.70953299757093,9.95448122029688,2611.889
25,llama.cpp-rpc,25.190165091771632,25.68856708239764,llama-3,25.582454458344728,25.278846034780145,7.152351334868846,8.31848005075782,2628.818002063781,17896.212588995695,15267.212186008692,9.890376579736,120.2142691811708,119.36291097663343,127.83061356749386,130.32709123799577,112.21598705742508,131.85771298594773,9.895929081204853,2627.343
25,llama.cpp-rpc,25.190165091771632,25.68856708239764,llama-4,25.296213454566896,25.68856708239764,7.225426944277379,8.42975560765933,2649.2570230038837,17715.216137003154,15065.67994505167,9.814072313195066,118.62740114213914,118.4923630207777,122.17356358887628,125.88888700818643,111.74883192870766,127.98683310393244,9.818708869995007,2648.006
30,wanferenz-greedy,30.281753977760673,30.430109531152993,greedy-1,30.231386539526284,29.222770011983812,5.995884294433587,6.278150138908467,1119.0577700035647,21347.97699796036,20228.88863598928,23.233831797546234,159.28258768495496,158.95730396732688,161.86036589788273,165.1843722607009,155.93645302578807,166.1549439886585,23.914186171750384,1087.2207740321755
30,wanferenz-greedy,30.281753977760673,30.430109531152993,greedy-2,30.308355460874736,30.363250989466906,5.9931591878598045,6.272389429869883,1110.185463912785,21357.683983980678,20247.46732006315,23.419510383755604,159.42887653593033,158.91480294521898,163.44543524319306,164.5415217243135,156.55410499311984,167.26373299025,24.098238650145014,1078.9170269854367
30,wanferenz-greedy,30.281753977760673,30.430109531152993,greedy-3,30.19175201188773,29.806801001541317,5.986122845341717,6.26652424432258,1116.339997970499,21382.788710994646,20266.418041079305,23.290395441592953,159.57809481164807,159.0735100908205,163.1725073326379,164.60636743111536,157.0689589716494,165.06648994982243,23.94459690389124,1085.8399539720267
30,wanferenz-greedy,30.281753977760673,30.430109531152993,greedy-4,29.820321477018297,30.430109531152993,5.98942872109904,6.27053341032534,1117.4832920078188,21370.986443012953,20253.460381994955,23.26656710301677,159.47606599996027,159.08317302819341,163.58584905974567,164.2024307162501,156.38318308629096,164.88349705468863,23.941655769251525,1085.9733449760824
30,wanferenz-dspark,30.281753977760673,30.430109531152993,spec-1,30.125802964903414,30.33719549421221,8.28023811449508,8.907449699264173,1117.744115064852,15458.492645993829,14257.728562923148,23.261137902293022,112.26557923561533,95.66559898667037,182.24830548278987,184.55810555024073,79.4236280489713,185.5125359725207,23.944254753413325,1085.8554700389504
30,wanferenz-dspark,30.281753977760673,30.430109531152993,spec-2,30.941652483306825,31.023508578073233,8.288397087585954,8.912209133856628,1111.331074964255,15443.275538971648,14250.114432070404,23.395368478143443,112.20562544937326,93.7303020618856,181.56411856180057,183.7371472362429,79.6925890026614,184.38231199979782,24.067953016009884,1080.274669919163
30,wanferenz-dspark,30.281753977760673,30.430109531152993,spec-3,30.092140019405633,30.208069016225636,8.289392484474787,8.91562204224236,1113.812317023985,15441.421098075807,14244.659475050867,23.343250566190417,112.16267303189659,94.8272020323202,182.02652166364715,185.09526626439765,80.0145820248872,185.67272392101586,24.004130440038626,1083.1469219410792
30,wanferenz-dspark,30.281753977760673,30.430109531152993,spec-4,30.10335599537939,30.660698539577425,8.300271047373405,8.92049777600874,1103.1783489743248,15421.18314804975,14236.873680027202,23.568265298329493,112.1013675592693,94.26755597814918,181.90372359240428,183.87513104826212,79.87515302374959,186.68014998547733,24.248884485709798,1072.2142709419131
30,llama.cpp-rpc,29.766727006062865,29.671799042262137,llama-1,29.415709897875786,29.53579049790278,6.887914864902276,8.155528016380186,3010.827152058482,18583.27266096603,15572.259667911567,8.635500706915034,122.61621785757139,122.47276294510812,127.91848045308141,129.83491224236786,115.63342297449708,133.09034099802375,8.64043143668109,3009.109
30,llama.cpp-rpc,29.766727006062865,29.671799042262137,llama-2,29.7271185554564,29.202156991232187,6.851312347377712,8.08686525234888,2977.890472044237,18682.55211703945,15704.478316009045,8.73101285761922,123.65730957487436,124.18609799351543,128.3058961504139,129.4133317959495,115.8413119846955,135.38505404721946,8.737166866109302,2975.793
30,llama.cpp-rpc,29.766727006062865,29.671799042262137,llama-3,29.10082001471892,29.204637045040727,6.789386022035426,8.007970847684357,2993.6072200071067,18852.956597926095,15859.198592952453,8.685174135816748,124.87557947206656,125.17344497609884,129.43554105004296,132.9900104086846,116.84878799133003,137.46136601548642,8.69030719901706,2991.839
30,llama.cpp-rpc,29.766727006062865,29.671799042262137,llama-4,28.728747507557273,29.671799042262137,6.763849348332654,7.982390913541364,3013.9953760663047,18924.13526796736,15910.020114970393,8.626423320507453,125.27574893677475,125.65792701207101,128.97188881179318,131.90106807975098,115.84923195187002,140.8548359759152,8.629009668473449,3013.092
35,wanferenz-greedy,35.35742498934269,35.42287502204999,greedy-1,35.79150547739118,35.51598801277578,5.81106589170905,6.077652460380093,1130.6757170241326,22026.940045994706,20896.22610504739,22.995098955897245,164.53721342557,164.3042719224468,167.72514880867675,170.29234556714073,161.3280400633812,171.30993108730763,23.79140698104003,1092.831542948261
35,wanferenz-greedy,35.35742498934269,35.42287502204999,greedy-2,35.028223996050656,35.65318853361532,5.812455782784493,6.078742211809794,1129.159586969763,22021.672900998965,20892.479985952377,23.025974627531756,164.50771642482187,164.32559106033295,167.69985844148323,168.4691776195541,161.2681479891762,168.71307301335037,23.832661634661026,1090.9398370422423
35,wanferenz-greedy,35.35742498934269,35.42287502204999,greedy-3,35.35205702064559,35.50937748514116,5.805048693975128,6.067590538631119,1118.8618199666962,22049.77197397966,20930.878442013636,23.237900816719183,164.81006647254833,164.47895800229162,168.50927737541497,170.81611252157018,161.50233102962375,171.46398208569735,24.00251794714303,1083.2196879200637
35,wanferenz-greedy,35.35742498934269,35.42287502204999,greedy-4,35.56474897777662,35.42287502204999,5.808134400420645,6.073293437804102,1126.8017089460045,22038.057519937865,20911.224083043635,23.07415740815663,164.65530774050106,164.3978109350428,168.00774207804352,169.67023874167353,161.98039206210524,170.29080004431307,23.854570894601917,1089.93786200881
35,wanferenz-dspark,35.35742498934269,35.42287502204999,spec-1,35.113815509248525,35.657845495734364,8.07902423279171,8.67987986701044,1125.4197639646009,15843.49747095257,14631.538909045048,23.102491028243403,115.20896778775628,100.7879450917244,186.69451280729845,190.44335085665807,80.04833001177758,191.44268904346973,23.861152220632544,1089.6372379502282
35,wanferenz-dspark,35.35742498934269,35.42287502204999,spec-2,35.0232794880867,35.72303900728002,8.084528397532436,8.682944199590814,1124.4589010020718,15832.710791029967,14626.375234103762,23.12223237045824,115.16830892995088,100.59104510582983,187.4353234656155,188.94838499370962,79.77877999655902,189.34789299964905,23.88167518341087,1088.7008470017463
35,wanferenz-dspark,35.35742498934269,35.42287502204999,spec-3,35.90036398964003,34.75138847716153,8.103453274627245,8.701491671391256,1119.8161710053682,15795.734936953522,14595.198708004318,23.218096570848108,114.92282447247494,100.48189002554864,185.94095589360222,187.91674685431644,80.5317769991234,189.4675970543176,23.980003518277904,1084.2367049772292
35,wanferenz-dspark,35.35742498934269,35.42287502204999,spec-4,35.30867304652929,35.21456947783008,8.108743973854095,8.706442830639702,1115.8011460211128,15785.428719012998,14586.898745037615,23.301643032644847,114.85747043336706,100.13240505941212,187.18064442509785,189.64193200226873,79.82319802977145,192.21864908467978,24.078242573983324,1079.813027055934
35,llama.cpp-rpc,35.31312494305894,35.71512701455504,llama-1,35.85792746162042,35.615014494396746,6.503210655570422,7.854275025798161,3512.8611059626564,19682.5855380157,16169.538191985339,7.401374325864507,127.31919836208928,126.83114607352763,132.2117721894756,135.7091007521376,122.63196206185967,144.95875604916364,7.403404085198375,3511.898
35,llama.cpp-rpc,35.31312494305894,35.71512701455504,llama-2,35.06913251476362,36.05537605471909,6.573434684929884,7.9456570338476205,3488.6195780709386,19472.31639700476,15983.57435502112,7.4528045887929455,125.85491618126865,125.72838994674385,128.61899718409404,134.17907334631306,122.18063301406801,138.48228193819523,7.455840633127045,3487.199
35,llama.cpp-rpc,35.31312494305894,35.71512701455504,llama-3,35.67439899779856,35.77448695432395,6.342628715722762,7.62522068203181,3525.468682986684,20180.906960973516,16655.255670077167,7.374905959446358,131.14374543367848,130.92273101210594,138.2298851851374,140.7593860477209,122.81077797524631,143.485437030904,7.377772304353537,3524.099
35,llama.cpp-rpc,35.31312494305894,35.71512701455504,llama-4,35.80159100238234,35.71512701455504,6.402845250580213,7.700501896682244,3498.56084107887,19991.11254303716,16492.431493941694,7.431627226463279,129.86166530662751,129.68943000305444,135.00632339855656,137.04694199375808,123.49338899366558,142.89505092892796,7.434993138359218,3496.977
40,wanferenz-greedy,38.733926019631326,39.231359492987394,greedy-1,39.41830003168434,38.93632750259712,5.682605634110943,5.9375056040554615,1135.3855290217325,22524.878241005354,21389.453495969065,22.899710570031697,168.42089366904776,168.13678399194032,171.63572921417654,174.10115498816594,165.29147909022868,175.59633404016495,23.76316059979052,1094.1305509768426
40,wanferenz-greedy,38.733926019631326,39.231359492987394,greedy-2,39.02219654992223,38.9499890152365,5.686035559416135,5.939330206256065,1128.3677309984341,22511.290804017335,21382.882511941716,23.042133593269234,168.36915363733635,168.26799104455858,171.61404535872862,172.94493434485048,165.15138500835747,173.26290090568364,23.92663912056385,1086.654915008694
40,wanferenz-greedy,38.733926019631326,39.231359492987394,greedy-3,38.93577301641926,39.582146040629596,5.693827754545818,5.949593304954882,1134.4419249799103,22480.483344057575,21345.99685901776,22.9187580496555,168.0787154253367,167.76891110930592,171.31313383579254,173.03215658757836,164.82382896356285,173.57037193141878,23.748478304532867,1094.8069879086688
40,wanferenz-greedy,38.733926019631326,39.231359492987394,greedy-4,39.032764558214694,39.231359492987394,5.690182092251595,5.945333258041329,1133.561554015614,22494.88644208759,21361.292039975524,22.936557708662257,168.19914992106712,167.93085599783808,170.59806109173223,172.96766466461122,165.37101392168552,176.6911600716412,23.773379044282496,1093.660263926722
40,wanferenz-dspark,38.733926019631326,39.231359492987394,spec-1,38.9643915113993,38.82886498467997,7.94088343123054,8.520836901093853,1133.3718459354714,16119.113333988935,14904.639236046933,22.94039691672411,117.35936406336167,103.84603403508663,190.50866784527898,191.4405209152028,80.48852498177439,191.55184901319444,23.779043648384043,1093.3997340034693
40,wanferenz-dspark,38.733926019631326,39.231359492987394,spec-2,38.641022983938456,39.1823019599542,7.921910277922271,8.501561584638079,1137.7130039036274,16157.718973001465,14938.432044000365,22.85286351724111,117.62544916535721,105.01733794808388,190.85544219706208,193.4664298593998,80.51601203624159,193.94850404933095,23.681586598628787,1097.8994119213894
40,wanferenz-dspark,38.733926019631326,39.231359492987394,spec-3,39.031110471114516,39.10007397644222,7.9454688395248425,8.519837095613191,1121.8014690093696,16109.810834983364,14906.388300005347,23.17700655443057,117.37313622051454,104.69878290314227,190.46342538204044,194.09732734085992,79.99555207788944,195.15519391279668,24.022323316731594,1082.3266200022772
40,wanferenz-dspark,38.733926019631326,39.231359492987394,spec-4,39.12729048170149,38.86074753245339,7.923113574499969,8.502356732340262,1136.4552980521694,16155.265073059127,14937.03498900868,22.878154595752925,117.61444873235182,105.65165104344487,189.80850900989026,192.92339354287833,79.66976705938578,193.55850003194064,23.73203159794815,1095.5657080048695
40,llama.cpp-rpc,39.07972405431792,39.33809255249798,llama-1,38.89882698422298,39.423157984856516,6.264142941213276,7.631609199986932,3792.3187400447205,20433.761043008417,16641.313341911882,6.8559638000505725,131.0339633221408,130.312136025168,137.39845352247357,138.70044921757653,125.31888403464109,145.13811597134918,6.858867975496957,3790.713
40,llama.cpp-rpc,39.07972405431792,39.33809255249798,llama-2,39.35944498516619,39.57451804308221,6.229833485440495,7.592228504749267,3818.5403930256143,20546.295546926558,16727.63140895404,6.808884370448925,131.7136331413704,131.1154830036685,137.32387931086123,138.7832286162302,124.82488201931119,140.65510488580912,6.811516178005876,3817.065
40,llama.cpp-rpc,39.07972405431792,39.33809255249798,llama-3,39.25462899496779,39.130115997977555,6.304209917391899,7.703860616784093,3818.533300072886,20303.892427007668,16485.24114303291,6.808897018000007,129.80504837033786,129.46667603682727,132.80814089812338,140.73549850378183,126.07919098809361,149.6526449918747,6.810536633614609,3817.614
40,llama.cpp-rpc,39.07972405431792,39.33809255249798,llama-4,38.88555499725044,39.33809255249798,6.17438291668486,7.500182678936978,3797.776062041521,20730.816622031853,16932.920894934796,6.846111928469926,133.33008578688816,133.38510796893388,137.6800463302061,139.74800868425518,127.11089092772454,143.66162894293666,6.849064272936264,3796.139
45,wanferenz-greedy,45.29348702635616,45.671754982322454,greedy-1,45.49286997644231,45.057075505610555,5.522019694121731,5.761973614669782,1138.8342659920454,23179.924572934397,22041.05893103406,22.830363272702584,173.55164512625242,173.27349598053843,175.60583323938772,176.66942998068407,171.04966391343623,177.13837104383856,23.819458901940514,1091.5445269783959
45,wanferenz-greedy,45.29348702635616,45.671754982322454,greedy-2,45.029130007606,45.23938655620441,5.54184356085821,5.783331334613073,1137.308439007029,23097.007086966187,21959.66176793445,22.86099276876931,172.91072258216101,172.71832202095538,175.13877376914024,175.92486896784976,170.4581059748307,176.50670104194432,23.860925748761325,1089.6475800545886
45,wanferenz-greedy,45.29348702635616,45.671754982322454,greedy-3,45.48865999095142,45.524074987042695,5.52973705126203,5.768479085195738,1131.3063929555938,23147.5744349882,22016.20186609216,22.982279744812296,173.35592020545008,173.04328095633537,175.6462402525358,176.25657559605315,170.776410959661,178.1644970178604,23.972276754814505,1084.586177021265
45,wanferenz-greedy,45.29348702635616,45.671754982322454,greedy-4,46.0112530272454,45.671754982322454,5.528515651749955,5.766317717554244,1128.2051739981398,23152.68836391624,22024.454117985442,23.04545361005663,173.42089856681451,173.19692601449788,175.65526838880032,176.27421334851533,171.69756104703993,176.80674500297755,24.010441334805055,1082.8622280387208
45,wanferenz-dspark,45.29348702635616,45.671754982322454,spec-1,45.08934752084315,45.60082097304985,7.766547431719875,8.315297665509423,1126.8840869888663,16480.93971295748,15273.05516996421,23.07247062958737,120.26027692885204,111.15007509943098,195.26162372203544,196.87724845251068,79.48146003764123,198.03083897568285,24.03915742013072,1081.5686900168657
45,wanferenz-dspark,45.29348702635616,45.671754982322454,spec-2,45.78222148120403,45.592908456455916,7.76091578766825,8.312762438290378,1134.457350941375,16492.89896991104,15277.713148039766,22.918446408254262,120.29695392157296,111.06184998061508,195.39588753832504,196.74175238003954,79.82342701870948,199.1274169413373,23.894955386833338,1088.0957749905065
45,wanferenz-dspark,45.29348702635616,45.671754982322454,spec-3,45.72907596593723,45.45885103289038,7.7654065884241765,8.318524651006356,1135.769100044854,16483.360985992476,15267.130329972133,22.891976898273782,120.21362464544987,111.40756099484861,194.89281558198854,196.01519502233714,79.69678507652134,197.99329596571624,23.887563450624313,1088.4324830258265
45,wanferenz-dspark,45.29348702635616,45.671754982322454,spec-4,45.157793967518955,45.591955014970154,7.757408382313541,8.308121335547284,1132.1003780467436,16500.356007018127,15286.24762094114,22.966161397153495,120.36415449559952,111.8066330673173,195.3797843074426,196.25021962681785,79.58022505044937,199.36499500181526,23.949890453601206,1085.5999550549313
45,llama.cpp-rpc,45.02629954367876,44.65848999097943,llama-1,44.378961028996855,44.78188249049708,5.888341361331365,7.263750173053534,4253.664011950605,21737.870165030472,17484.081497066654,6.112377453168232,137.66993304776892,137.07829103805125,143.34648691583425,148.53842448676005,130.8432089863345,150.03128605894744,6.113903911064332,4252.602
45,llama.cpp-rpc,45.02629954367876,44.65848999097943,llama-2,44.04135950608179,44.52965751988813,5.847775047858989,7.212205270678349,4279.50809604954,21888.666877988726,17609.038460999727,6.075464613328079,138.65384614960416,138.62456800416112,143.6445640050806,149.2166398419067,130.52559201605618,153.30894698854536,6.07753248441113,4278.052
45,llama.cpp-rpc,45.02629954367876,44.65848999097943,llama-3,44.54207298113033,44.62390596745536,5.817776652853492,7.1687600821088555,4285.557524068281,22001.532138092443,17715.755381039344,6.066888579602635,139.49413685857752,139.5036750473082,145.83758712979034,151.6048468276858,129.7821489861235,154.74506409373134,6.069088637638994,4284.004
45,llama.cpp-rpc,45.02629954367876,44.65848999097943,llama-4,44.48759293882176,44.65848999097943,5.950320575306362,7.372001039997979,4283.978875959292,21511.446043965407,17227.344286977313,6.069124230725329,135.6483802124198,135.3248740779236,140.0475401082076,144.76757991593328,128.03646200336516,153.92634202726185,6.071428488029829,4282.353
50,wanferenz-greedy,49.59039902314544,49.800946027971804,greedy-1,49.44698151666671,49.459208035841584,5.413498704162774,5.642946269268535,1138.5937609011307,23644.597882987,22505.973642109893,22.835185728949114,177.21239088275507,176.96779605466872,179.40589112695307,179.90201010135934,174.354295944795,181.0368539299816,23.910985171616826,1087.3663219390437
50,wanferenz-greedy,49.59039902314544,49.800946027971804,greedy-2,49.620229518041015,49.50990353245288,5.401382432713244,5.629517597635164,1137.9374919924885,23697.636965080164,22559.659473015927,22.848355189066595,177.63511396075532,177.43232194334269,179.71751658478752,180.3478341526352,175.3184760455042,181.34308699518442,23.915189791502044,1087.1751479571685
50,wanferenz-greedy,49.59039902314544,49.800946027971804,greedy-3,49.613975977990776,49.378146475646645,5.411751743359916,5.642420503439811,1144.1294769756496,23652.23056601826,22508.070769021288,22.724700764399024,177.228903693081,177.12206509895623,179.3557842844166,180.09141420247033,174.03970495797694,181.208209018223,23.784490830672762,1093.1493209209293
50,wanferenz-greedy,49.59039902314544,49.800946027971804,greedy-4,49.50158600695431,49.800946027971804,5.403113364993367,5.631534171373937,1138.4332400048152,23690.045230090618,22551.581174018793,22.838405526432126,177.5715053072346,177.35160794109106,179.81322513660416,180.20525278290734,175.22613797336817,180.82919297739863,23.91611735266054,1087.1329830260947
50,wanferenz-dspark,49.59039902314544,49.800946027971804,spec-1,49.46391104022041,49.10067445598543,7.5962535027186915,8.126543889226497,1142.1676239697263,16850.41184502188,15627.799681038596,22.76373402148645,123.0535407955795,115.83040794357657,198.82743433117867,199.87369981594384,79.52180597931147,202.35015405341983,23.818464611516593,1091.5900929830968
50,wanferenz-dspark,49.59039902314544,49.800946027971804,spec-2,49.78542448952794,49.30571455042809,7.612014706449182,8.144994961243267,1142.5348330521956,16815.52190007642,15592.397614032961,22.756417789506656,122.77478436246426,116.2204029969871,198.97408491233364,200.2651651785709,79.39209998585284,201.96567790117115,23.797075956298823,1092.5712069729343
50,wanferenz-dspark,49.59039902314544,49.800946027971804,spec-3,49.573419033549726,49.21204800484702,7.619822541427658,8.153353742911245,1140.487032942474,16798.291469924152,15576.412357972004,22.79727804788767,122.64891620450396,115.55659503210336,198.95095370011404,200.75713648693636,80.0200249068439,203.68259400129318,23.854993063871902,1089.9185730377212
50,wanferenz-dspark,49.59039902314544,49.800946027971804,spec-4,49.45222596870735,49.5883870171383,7.627881028557664,8.1629068454908,1140.6052699312568,16780.544887995347,15558.183182030916,22.794914845139193,122.5053793860702,115.1129180798307,198.33986909361556,199.3732622684911,80.28140699025244,203.45854107290506,23.86048175777762,1089.667855994776
50,llama.cpp-rpc,50.05818302743137,49.82303094584495,llama-1,49.55871793208644,49.5298930327408,5.525307650923337,6.896852378580995,4751.817769021727,23166.130844969302,18414.197235018946,5.471590297401642,144.99367901589721,145.24057798553258,150.0080099562183,156.54634506208822,136.60883193369955,161.10668994951993,5.473185286478095,4750.433
50,llama.cpp-rpc,50.05818302743137,49.82303094584495,llama-2,49.86361402552575,49.14776352234185,5.594501482872177,7.013922416601849,4772.5699110887945,22879.607842070982,18106.84413893614,5.447798667043196,142.57357589713496,142.2891590045765,147.45763504179195,148.67178211687133,136.850769049488,156.53199900407344,5.449768332444252,4770.845
50,llama.cpp-rpc,50.05818302743137,49.82303094584495,llama-3,49.69976545544341,50.19570904551074,5.628947384254434,7.056283055572282,4741.2733669625595,22739.59787900094,17998.14420705661,5.483758895061685,141.7176709217056,141.35833899490535,146.89034341135994,155.05698004039,135.71210799273103,159.13805807940662,5.485333904933256,4739.912
50,llama.cpp-rpc,50.05818302743137,49.82303094584495,llama-4,49.977299524471164,49.82303094584495,5.611476880148901,7.028367041563707,4740.55080593098,22810.394256957807,18069.631146034226,5.4845947368544135,142.28056020499392,142.16588297858834,147.3235484911129,153.733865506947,136.40263199340552,158.19270501378924,5.486587509277081,4738.829
55,wanferenz-greedy,54.17943705106154,54.74563752068207,greedy-1,54.20495354337618,54.641450522467494,5.262978710237225,5.48068610243298,1148.515630979091,24320.82800392527,23172.28128493298,22.637915670190246,182.4589077553778,182.2298050392419,184.4834473915398,185.17450685147196,180.22625497542322,185.95659895800054,23.822121458244897,1091.4225269807503
55,wanferenz-greedy,54.17943705106154,54.74563752068207,greedy-2,54.727380513213575,54.81251602759585,5.267600791548005,5.486444147522124,1151.4947989489883,24299.48757798411,23147.961882990785,22.579346449268513,182.26741640150223,181.98515300173312,184.44535954622552,185.1872041169554,179.31588308420032,185.99777994677424,23.727869626103313,1095.7578750094399
55,wanferenz-greedy,54.17943705106154,54.74563752068207,greedy-3,54.92605996550992,54.74773852620274,5.278979261931258,5.497908092342352,1147.386505967006,24247.11173295509,23099.694987060502,22.66019328690593,181.8873621028386,181.684699957259,183.66887283045799,184.25015444401652,179.64330594986677,187.02445994131267,23.820004786063492,1091.5195120032877
55,wanferenz-greedy,54.17943705106154,54.74563752068207,greedy-4,55.4345065029338,54.74563752068207,5.278678305491541,5.49876517690779,1152.3688129382208,24248.494148021564,23096.09447105322,22.56222114663726,181.85901158309622,181.6820539534092,183.9641317492351,184.39103046664968,179.5600700424984,186.63280399050564,23.69834705152832,1097.122931969352
55,wanferenz-dspark,54.17943705106154,54.74563752068207,spec-1,54.338207526598126,54.47923403698951,7.437743632066811,7.950644326730145,1154.4977549929172,17209.520297008567,15973.548152949661,22.520615468983316,125.77596970826505,119.96396700851619,204.1156280785799,205.04264860181138,79.5924139674753,206.5036870772019,23.6625645258489,1098.7820010632277
55,wanferenz-dspark,54.17943705106154,54.74563752068207,spec-2,54.26784005248919,54.50670700520277,7.442928012498544,7.9543528376582024,1150.2479650080204,17197.532985010184,15966.100899968296,22.603821776653792,125.7173299210102,119.93274302221835,204.43864983972162,205.77949837082997,79.45407996885478,207.85067696124315,23.775959753292064,1093.5415549902245
55,wanferenz-dspark,54.17943705106154,54.74563752068207,spec-3,55.216140986885875,55.02305401023477,7.446871585379523,7.959740877122791,1151.7164598917589,17188.425841974095,15955.293264007196,22.575000797022163,125.63223042525351,120.11388095561415,204.44756952347234,205.499466676265,80.05845895968378,208.57703499495983,23.73128186211105,1095.6003199098632
55,wanferenz-dspark,54.17943705106154,54.74563752068207,spec-4,54.42080949433148,54.746325535234064,7.443985320895964,7.956013247005938,1150.8789459476247,17195.09032892529,15962.768796016462,22.59142900437005,125.69109288201939,120.69392099510878,203.80753055214882,205.60641613323241,79.69619601499289,206.0139529639855,23.76213929787094,1094.1775769460946
55,llama.cpp-rpc,54.755482997279614,54.77001500548795,llama-1,54.710142489057034,55.16328499652445,5.326304808100862,6.720247011226526,5133.4354019491,24031.67009993922,18898.11487402767,5.064834358318433,148.80405412620212,149.37220502179116,152.70351754734293,154.4965363573283,141.59699494484812,160.4287390364334,5.066051570066805,5132.202
55,llama.cpp-rpc,54.755482997279614,54.77001500548795,llama-2,54.78805804159492,54.840038472320884,5.37204152528512,6.781149960932312,5098.545046988875,23827.068237937056,18728.386885952204,5.099494024350185,147.4676132752142,146.96754305623472,153.76496767858043,157.99808996962383,140.1225619483739,164.61335797794163,5.101475209283116,5096.565
55,llama.cpp-rpc,54.755482997279614,54.77001500548795,llama-3,55.01785560045391,54.69029053347185,5.346733935467943,6.779407862842332,5206.532733049244,23939.84842801001,18733.199501992203,4.993726407396062,147.5055078897024,146.90662105567753,153.43555979197845,159.39762908266854,141.3514530286193,163.64492499269545,4.995269863690613,5204.924
55,llama.cpp-rpc,54.755482997279614,54.77001500548795,llama-4,54.95250696549192,54.77001500548795,5.419544237614207,6.869928048993072,5131.734358030371,23618.22219507303,18486.36537301354,5.066513226530134,145.56193207097277,145.3391129616648,149.8497355147265,152.6889126491733,141.11577800940722,158.61491695977747,5.06771144684916,5130.521
60,wanferenz-greedy,59.78445499204099,59.842835005838424,greedy-1,59.4096050481312,60.20227604312822,5.13536827895895,5.344546526809148,1162.607540958561,24925.184143939987,23762.539883027785,22.363522585242478,187.1066132521873,187.0055899489671,188.79369019996375,190.15323852887377,185.06226292811334,191.27564097288996,23.60618488956259,1101.4062679605559
60,wanferenz-greedy,59.78445499204099,59.842835005838424,greedy-2,60.18180004321039,59.98434452340007,5.129449095455592,5.33699791817165,1157.7636509900913,24953.94683093764,23796.14943591878,22.457087832879736,187.37125540093527,187.2521520126611,189.43403818411753,190.19032579148188,184.24300604965538,191.46160199306905,23.706292954159068,1096.755197038874
60,wanferenz-greedy,59.78445499204099,59.842835005838424,greedy-3,60.094720975030214,59.617966995574534,5.130233685924279,5.33805675890985,1158.66197203286,24950.130507932045,23791.42930393573,22.439676650803754,187.33408900736794,187.17700394336134,189.5717050647363,190.165359408129,185.19019801169634,191.19684293400496,23.68361843998609,1097.805222030729
60,wanferenz-greedy,59.78445499204099,59.842835005838424,greedy-4,60.010537039488554,59.842835005838424,5.13662266694171,5.344999048227464,1158.539496944286,24919.097293983214,23760.52808505483,22.442048862879933,187.09077232326638,186.88928498886526,189.3334158230573,190.14914360363036,184.95063798036426,190.97406195942312,23.68336012263528,1097.8171959286556
60,wanferenz-dspark,59.78445499204099,59.842835005838424,spec-1,60.11124252108857,59.67538652475923,7.2831060974432225,7.776532050538724,1162.6631659455597,17574.91903693881,16331.187112024054,22.362452653133605,128.5920245041264,124.53695107251406,209.08295010449365,210.47585071064532,79.54517006874084,211.75603696610779,23.601812685432414,1101.6103019937873
60,wanferenz-dspark,59.78445499204099,59.842835005838424,spec-2,59.64634596602991,59.77096548303962,7.281246711573438,7.773101542775276,1160.616343957372,17579.407081007957,16338.394565042108,22.40189028473215,128.64877610269377,124.53547504264861,209.716802847106,211.18678035680205,79.88400990143418,212.95746602118015,23.646588658319402,1099.524348974228
60,wanferenz-dspark,59.78445499204099,59.842835005838424,spec-3,59.51600655680522,59.79279649909586,7.275537574374863,7.766683898804295,1158.559493953362,17593.201696989127,16351.89505002927,22.441661507843662,128.75507913408873,125.54804794490337,209.10468918737024,211.41625851625577,80.05603693891317,213.16927496809512,23.688796375268694,1097.5652619963512
60,wanferenz-dspark,59.78445499204099,59.842835005838424,spec-4,60.28661452000961,59.61843050317839,7.276275814491393,7.770822366374207,1166.4966029347852,17591.41671692487,16343.186603975482,22.288963323670792,128.68650869272034,125.60085591394454,208.74600291717798,211.638476382941,80.10854304302484,213.68286292999983,23.537335560427394,1104.628004017286
60,llama.cpp-rpc,59.790602477733046,59.78136003250256,llama-1,59.49306848924607,59.47554501472041,5.110447966246622,6.519923775547205,5567.857756046578,25046.72796698287,19478.75533089973,4.669659524215492,153.37602622755693,153.04345393087715,158.21288195438683,160.8733217138797,143.2569989701733,162.15492994524539,4.670367274089844,5567.014
60,llama.cpp-rpc,59.790602477733046,59.78136003250256,llama-2,59.88191452343017,59.71943901386112,5.134211058770978,6.568149814993737,5594.944739015773,24930.80213002395,19335.734350956045,4.64705215382945,152.24987677918145,151.71717992052436,157.51967451069504,163.34342666668815,144.65827902313322,167.83115803264081,4.648088732728999,5593.697
60,llama.cpp-rpc,59.790602477733046,59.78136003250256,llama-3,59.65752596966922,59.725026483647525,5.01173349944983,6.354035375442684,5552.649511024356,25540.065131965093,19987.298227963038,4.682449333129889,157.38030100758297,157.76876907330006,162.93006411287934,165.22057692985982,144.62809695396572,166.82134696748108,4.683828092700164,5551.015
60,llama.cpp-rpc,59.790602477733046,59.78136003250256,llama-4,59.73661900497973,59.78136003250256,5.1223334560695,6.5446592932167,5583.2044639391825,24988.611361943185,19405.135440989397,4.65682390246119,152.79634205503461,152.7295169653371,157.3443080764264,160.408857264556,146.40401303768158,165.85839202161878,4.658557312886805,5581.127
65,wanferenz-greedy,64.95001399889588,64.57666552159935,greedy-1,65.02997246570885,64.97992749791592,5.008597870416407,5.207446456559535,1167.870927019976,25556.054471060634,24388.15282296855,22.26273417589346,192.03269939345316,191.8662330135703,194.14147736970335,195.4556416347623,189.4383169710636,196.42043998464942,23.598402194816973,1101.7695090267807
65,wanferenz-greedy,64.95001399889588,64.57666552159935,greedy-2,64.93942247470841,64.64595202123746,4.995193562124436,5.1927021959979385,1167.1947380527854,25624.632640974596,24457.401022897102,22.275631608291377,192.5779608102134,192.43356806691736,194.62418811162934,196.02267304202542,190.09082298725843,196.0752949817106,23.616784805766706,1100.9119240334257
65,wanferenz-greedy,64.95001399889588,64.57666552159935,greedy-3,64.79761755326763,64.4061304628849,5.005463113767571,5.203510312840017,1165.4215389862657,25572.059386060573,24406.600999063812,22.309524176647646,192.1779606225497,192.07504100631922,194.30683755781502,195.2760376012884,189.77373198140413,196.01689802948385,23.642305076690338,1099.7235639952123
65,wanferenz-greedy,64.95001399889588,64.57666552159935,greedy-4,64.50402946211398,64.57666552159935,5.009087808194147,5.208176529722594,1168.79126499407,25553.55483898893,24384.734133956954,22.24520389458242,192.00578058233822,191.8097820598632,193.98748696548864,195.2058771951124,188.9422289095819,195.87176095228642,23.580201856403608,1102.61990793515
65,wanferenz-dspark,64.95001399889588,64.57666552159935,spec-1,64.92727797012776,65.23580447537825,7.128390474147881,7.603748859429988,1173.1493039987981,17956.36763505172,16702.28756207507,22.162566956632347,131.5140752919297,130.31874492298812,214.5279677817598,215.3753210348077,79.75103403441608,217.35228295437992,23.48749926741402,1106.9718280341476
65,wanferenz-dspark,64.95001399889588,64.57666552159935,spec-2,65.10177149903029,64.45399700896814,7.1277397910959,7.603431985933857,1173.16219501663,17958.00685090944,16702.983630937524,22.162323428459473,131.51955614911435,129.9161280039698,214.487777359318,215.3273931471631,79.51602002140135,217.3759990837425,23.488079843538706,1106.944466009736
65,wanferenz-dspark,64.95001399889588,64.57666552159935,spec-3,64.58920350996777,64.55772102344781,7.131758583163192,7.605477775362199,1166.9589210068807,17947.88739795331,16698.490713024512,22.280133029504213,131.48417884271268,129.35806799214333,213.66637747269124,215.81208740361035,80.00344806350768,218.2763130404055,23.611803088987095,1101.1441990267485
65,wanferenz-dspark,64.95001399889588,64.57666552159935,spec-4,65.0516435271129,64.70933445962146,7.12613322162014,7.599576555355694,1169.8961750371382,17962.055440060794,16711.45741804503,22.22419438133015,131.58627888224433,129.89240302704275,213.8911725138314,215.4918421804905,79.86018096562475,217.95708499848843,23.562975421794793,1103.4260119777173
65,llama.cpp-rpc,64.52264852123335,64.83893794938922,llama-1,64.88610245287418,63.97931044921279,4.92741746407478,6.3585241930349925,6003.725658054464,25977.09671105258,19973.188139963895,4.330644250061457,157.26919795247161,156.57426009420305,165.47797829844055,168.83005146402866,152.76270103640854,173.64990001078695,4.3314058577266445,6002.67
65,llama.cpp-rpc,64.52264852123335,64.83893794938922,llama-2,64.9326354614459,64.51735796872526,4.911232198383963,6.331504600609073,6004.075864912011,26062.705819960684,20058.42339398805,4.330391651435441,157.94034168494528,158.11806498095393,163.93461175030097,164.97201862512156,150.2792069222778,167.9059750167653,4.331366892764018,6002.724
65,llama.cpp-rpc,64.52264852123335,64.83893794938922,llama-3,64.80200699297711,64.80650103185326,4.92524986642644,6.365037666892415,6035.654166946188,25988.529205904342,19952.749166055582,4.307735214914578,157.10826115004394,156.67368506547064,162.94233207590878,167.95243906322867,151.15471195895225,171.96033895015717,4.309252512087038,6033.529
65,llama.cpp-rpc,64.52264852123335,64.83893794938922,llama-4,64.58967499202117,64.83893794938922,4.925710833084129,6.359893066798588,6017.08936796058,25986.097101005726,19968.88920397032,4.3210260659320054,157.23534806275842,156.59390192013234,162.99643099773675,168.09486038517207,151.41504199709743,181.44719500560313,4.3218271887478235,6015.974
70,wanferenz-greedy,69.95030055986717,70.19149546977133,greedy-1,69.72038751700893,69.79180849157274,4.883084574780874,5.072408087030118,1175.4852619487792,26212.939391029067,25037.417696090415,22.11852486937682,197.1450212290584,196.93314901087433,199.38863770803437,200.8690337324515,195.0718609150499,201.76944497507066,23.533632613178494,1104.8018139554188
70,wanferenz-greedy,69.95030055986717,70.19149546977133,greedy-2,69.67954698484391,69.47242195019498,4.865190484929448,5.055184033825099,1186.5934199886397,26309.350147028454,25122.725335066207,21.911464838772595,197.81673492178115,197.47848401311785,199.97778991237283,200.34710465930402,195.44765702448785,203.08380504138768,23.30378968347591,1115.6983629334718
70,wanferenz-greedy,69.95030055986717,70.19149546977133,greedy-3,69.65444696834311,69.52281150734052,4.882179324316185,5.071530692836851,1176.0203999001533,26217.799776932225,25041.749265044928,22.10846002518958,197.1791280712199,197.12731696199626,199.0277120261453,200.9555305284448,194.47996304370463,202.55974598694593,23.5120536366147,1105.8157829102129
70,wanferenz-greedy,69.95030055986717,70.19149546977133,greedy-4,69.84146451577544,70.19149546977133,4.8687348272922,5.059688386532394,1189.7986920084804,26290.19746207632,25100.360002019443,21.852436193310826,197.64062993716095,197.62414798606187,199.81005928711966,200.39660119684413,194.7380289202556,202.22557801753283,23.247102070632295,1118.4189720079303
70,wanferenz-dspark,69.95030055986717,70.19149546977133,spec-1,69.72105544991791,70.0966069707647,6.969240940953834,7.425392548833821,1181.6031640628353,18366.419109981507,17103.472868911922,22.004003366579823,134.6730147158419,135.72434696834534,219.37317861011252,221.12759886076674,79.73630307242274,222.15703304391354,23.413002126241132,1110.4940690565854
70,wanferenz-dspark,69.95030055986717,70.19149546977133,spec-2,70.39246399654076,70.17363753402606,6.9704222111846965,7.427528193139104,1184.6939170500264,18363.306571962312,17098.555090953596,21.946597028827398,134.63429205475273,135.92844107188284,218.99705077521503,221.9893340487033,79.57357994746417,222.53435605671257,23.356471424089452,1113.1818470312282
70,wanferenz-dspark,69.95030055986717,70.19149546977133,spec-3,69.17136150877923,69.81601851293817,6.977290360536263,7.435665581722626,1183.9796170825139,18345.230510109104,17079.842900973745,21.959837504692455,134.4869519761712,135.3425489505753,219.61108518298715,221.2897494318895,79.69057792797685,221.88976500183344,23.366562470869127,1112.7011100761592
70,wanferenz-dspark,69.95030055986717,70.19149546977133,spec-4,69.92265896406025,69.9447694933042,6.961073936101379,7.418961004102508,1188.1149760447443,18387.967312941328,17118.299978901632,21.883403983808417,134.7897636133987,135.54260996170342,219.41338268807158,220.52739054197446,79.77943890728056,224.24096695613116,23.285403221737916,1116.5793330874294
70,llama.cpp-rpc,70.00128395156935,69.31807450018823,llama-1,70.02580049447715,69.33238706551492,4.704500530623167,6.119089894906043,6453.130617970601,27207.989278947935,20754.720421042293,4.029052182454747,163.4229954412779,162.19660104252398,171.23920352896675,173.2047316734679,155.89105000253767,173.50321600679308,4.030026799678218,6451.57
70,llama.cpp-rpc,70.00128395156935,69.31807450018823,llama-2,69.53567499294877,69.78168996283785,4.7779145829809,6.2371668634413115,6428.004713030532,26789.93058099877,20361.808939953335,4.044801016914952,160.32920425160106,159.27104593720287,168.1989811710082,171.42995516769588,156.03517508134246,179.46241097524762,4.045975981219202,6426.138
70,llama.cpp-rpc,70.00128395156935,69.31807450018823,llama-3,70.00701053766534,70.03673596773297,4.740767964868886,6.174627586692252,6431.61237903405,26999.844950973056,20568.042074912228,4.0425321782070585,161.9530872040333,161.7535799741745,167.00601518386975,170.13443236472085,155.50810901913792,173.1303728884086,4.043399360489736,6430.233
70,llama.cpp-rpc,70.00128395156935,69.31807450018823,llama-4,69.81328700203449,69.31807450018823,4.766533215486347,6.226925697514974,6458.412457024679,26853.898675064556,20395.297160954215,4.02575713041064,160.59289103113554,160.23011005017906,164.07478875480592,166.58896343549713,154.58561899140477,175.85373995825648,4.026359023930045,6457.447
75,wanferenz-greedy,74.67504247324541,74.92561597609892,greedy-1,75.1132489531301,75.1858149887994,4.758625068125373,4.940513115210623,1192.6136650145054,26898.525974946097,25705.831972998567,21.800857027479868,202.40812577164226,202.23003905266523,204.17581296060234,206.08590843854472,199.92367504164577,206.3982649706304,23.309449057661105,1115.4274790314957
75,wanferenz-greedy,74.67504247324541,74.92561597609892,greedy-2,75.12046600459144,75.15212002908811,4.7652003311803615,4.948107923231816,1194.994346005842,26861.410036101006,25666.37631400954,21.757425118288293,202.0974512914137,202.00357493013144,204.35130096739158,204.86934651155025,199.95539099909365,205.61925193760544,23.254227029088188,1118.0762950098142
75,wanferenz-greedy,74.67504247324541,74.92561597609892,greedy-3,75.11332794092596,74.76902799680829,4.758840452837415,4.940942237489074,1193.6712160240859,26897.308549960144,25703.59941397328,21.781542229527442,202.39054656671874,202.39551994018257,204.0777096990496,205.43786209775135,199.8157980851829,206.83365303557366,23.25698243916457,1117.9438290419057
75,wanferenz-greedy,74.67504247324541,74.92561597609892,greedy-4,74.72520193550736,74.92561597609892,4.767498588962798,4.949556253691985,1189.5374859450385,26848.461013985798,25658.8658640394,21.857234687601352,202.038313890074,201.83881802950054,203.75360952457413,204.52593222027645,199.771594023332,206.45902794785798,23.365406761996166,1112.756146932952
75,wanferenz-dspark,74.67504247324541,74.92561597609892,spec-1,75.4091035341844,74.16094449581578,6.837451565351057,7.278550477787345,1191.8352029751986,18720.425114035606,17448.529125074856,21.8150965293656,137.38999311082563,140.10414201766253,223.78060860792175,225.52702127723023,79.64043389074504,228.7205649772659,23.2960648447621,1116.0683219786733
75,wanferenz-dspark,74.67504247324541,74.92561597609892,spec-2,74.90329904248938,74.60776052903384,6.8241504273560825,7.281051225265948,1233.0420450307429,18756.913605961017,17442.536258953623,21.086061180786217,137.3428051886112,140.67394810263067,223.84879083838314,225.41040194919333,80.02891298383474,228.4451510058716,22.493325605656594,1155.8984409784898
75,wanferenz-dspark,74.67504247324541,74.92561597609892,spec-3,74.75722051458433,74.81490797363222,6.84476413871669,7.286537644336545,1189.0362809645012,18700.42523101438,17429.402852081694,21.86644799342017,137.23939253607634,139.38423595391214,224.17072757380083,225.3386326180771,79.7489209799096,227.19394299201667,23.35493547553103,1113.2550559705123
75,wanferenz-dspark,74.67504247324541,74.92561597609892,spec-4,74.71701898612082,74.6467534918338,6.846722064506453,7.291389848194999,1194.4998509716243,18695.077555952594,17417.804101016372,21.76643218402347,137.1480637875305,139.16312798392028,223.61545216990635,224.68903572531417,79.92100110277534,227.62299701571465,23.253904367378947,1118.0918089812621
75,llama.cpp-rpc,74.909093498718,74.59376053884625,llama-1,74.30614397162572,74.26064502215013,4.565852226307976,5.996986385612943,6856.775776017457,28034.196828026325,21177.30337101966,3.791869655551327,166.7504202442493,166.44323209766299,171.69711586320773,176.34571061935276,159.2220300808549,180.29304407536983,3.7925360265395835,6855.571
75,llama.cpp-rpc,74.909093498718,74.59376053884625,llama-2,74.56199853913859,74.66456451220438,4.536442547759994,5.944033767717,6849.771494045854,28215.942041017115,21365.96206598915,3.7957470585114312,168.23592177944215,167.80565096996725,174.79444850469008,177.92818300658837,161.05328500270844,178.4197329543531,3.796302664026192,6848.769
75,llama.cpp-rpc,74.909093498718,74.59376053884625,llama-3,74.59049997851253,74.93326044641435,4.579783799611562,6.024400018506374,6867.849110043608,27948.917591013014,21080.93745599035,3.7857558579697614,165.99163351173505,165.7908819615841,170.26804360793903,172.79523687902838,159.78970297146589,181.69676896650344,3.7864643801470423,6866.564
75,llama.cpp-rpc,74.909093498718,74.59376053884625,llama-4,75.12890949146822,74.59376053884625,4.552181624307196,5.987964487765589,6909.052856033668,28118.385988054797,21209.21061898116,3.763178621117977,167.0016584171745,166.50554002262652,172.13173269992694,174.29238160839304,160.58474406599998,185.3128590155393,3.7639003736105416,6907.728
80,wanferenz-greedy,79.04905796749517,78.8378365105018,greedy-1,79.57262545824051,79.42140649538487,4.66067606888049,4.836901432609039,1207.3109860066324,27463.826729916036,26256.478815921582,21.535462114859914,206.74392768442192,206.5220900112763,208.6240066564642,210.11481740511954,204.41073505207896,210.530202020891,23.08336109410114,1126.352436025627
80,wanferenz-greedy,79.04905796749517,78.8378365105018,greedy-2,79.26102000055835,79.02138552162796,4.645389015414418,4.818702463820586,1198.5120549798012,27554.204734042287,26355.642614071257,21.693565694204207,207.52474499268706,207.38726807758212,209.5913037424907,210.41451207594946,205.03044000361115,213.84983602911234,23.27443010550362,1117.1057629399002
80,wanferenz-greedy,79.04905796749517,78.8378365105018,greedy-3,79.35736246872693,79.42769752116874,4.650521588553882,4.824938390227022,1202.1834079641849,27523.794387932867,26321.57962000929,21.627315622355173,207.256532441018,207.02980610076338,209.39732061233371,210.25835674023256,205.31877293251455,211.4669729489833,23.203593912860836,1120.5160759855062
80,wanferenz-greedy,79.04905796749517,78.8378365105018,greedy-4,79.20747151365504,78.8378365105018,4.650733613158703,4.82526580171443,1202.7165610343218,27522.539591998793,26319.79360699188,21.61772843440379,207.24246934639277,207.04659703187644,209.17902030050755,210.91771181672812,204.92718101013452,211.21262898668647,23.19717019888864,1120.8263670559973
80,wanferenz-dspark,79.04905796749517,78.8378365105018,spec-1,79.82012850698084,79.75227141287178,6.70990733683699,7.136787780487636,1200.3936030669138,19076.269399025477,17795.120705035515,21.65956227488383,140.11906066957098,144.41769500263035,229.04837044188753,230.86603559320793,79.80916905216873,230.99161102436483,23.22394826651125,1119.5340129779652
80,wanferenz-dspark,79.04905796749517,78.8378365105018,spec-2,79.43706953665242,79.31475597433746,6.705054587306644,7.133180082183088,1205.0561800133437,19090.07575304713,17804.12081803661,21.575757571495213,140.18992770107565,144.76785599254072,228.55924371397123,230.3209370165132,79.87831998616457,230.42591009289026,23.12284606847425,1124.429057002999
80,wanferenz-dspark,79.04905796749517,78.8378365105018,spec-3,79.55252198735252,78.80758895771578,6.704039285492789,7.131339195357793,1202.6470999699086,19092.966874013655,17808.71678108815,21.618977005516037,140.22611638652089,145.04668093286455,229.37013792106882,229.78710067691281,79.85157903749496,232.04907402396202,23.16738471011361,1122.267373953946
80,wanferenz-dspark,79.04905796749517,78.8378365105018,spec-4,79.25990445073694,79.15664598112926,6.701745063193409,7.13005024283208,1206.52828598395,19099.503008998,17811.936196056195,21.54943261756722,140.2514661106787,144.55416495911777,228.78778888843954,229.44887612946332,79.58463300019503,232.7996960375458,23.12303474626139,1124.4198819622397
80,llama.cpp-rpc,79.70947248395532,79.03198793064803,llama-1,78.91080196714029,79.33033001609147,4.429027434848369,5.86009117950177,7228.111990960315,28900.24997200817,21672.017739969306,3.5970665690454644,170.64580897613627,170.52505095489323,173.8201503525488,177.56119068013504,164.63646502234042,183.22509597055614,3.5977753571207174,7226.688
80,llama.cpp-rpc,79.70947248395532,79.03198793064803,llama-2,79.56848404137418,78.95596697926521,4.347009621235324,5.726609202067297,7268.239666009322,29445.52949105855,22177.172480034642,3.5772073011834906,174.62340535460348,174.66869996860623,181.46531996317208,184.05866627115756,166.20705893728882,184.31388004682958,3.5778554417048314,7266.923
80,llama.cpp-rpc,79.70947248395532,79.03198793064803,llama-3,79.06873448519036,78.8552684825845,4.36014751595018,5.746745425860041,7257.143181050196,29356.804908951744,22099.46510393638,3.5826770054490624,174.01153625146756,174.02399005368352,178.26325331116095,181.36699902825058,166.95490200072527,187.82099697273225,3.5833752886856716,7255.729
80,llama.cpp-rpc,79.70947248395532,79.03198793064803,llama-4,78.87213258072734,79.03198793064803,4.407539108828801,5.832321090559335,7265.74278192129,29041.149003896862,21775.207165046595,3.5784366141743305,171.45832413422517,170.9032019134611,176.2142770574428,180.52015564171595,166.44417494535446,186.32345006335527,3.579179855715,7264.234
85,wanferenz-greedy,84.87785147735849,84.97775695286691,greedy-1,84.25686397822574,84.32800002628937,4.537881271385191,4.70360945399333,1206.415677908808,28206.996248918585,27000.541019020602,21.55144406368144,212.6026851891386,212.5038900412619,214.66291943797842,215.3440825152211,210.11196007020772,216.52088302653283,23.209113792442967,1120.249580941163
85,wanferenz-greedy,84.87785147735849,84.97775695286691,greedy-2,84.52734997263178,84.50113446451724,4.54860729500055,4.715410608903412,1207.4758199742064,28140.48162405379,26932.967356056906,21.53252228318361,212.0706091028103,212.06516306847334,214.29368711542338,215.0350510282442,209.03078198898584,218.1120190070942,23.170250941892967,1122.128546005115
85,wanferenz-greedy,84.87785147735849,84.97775695286691,greedy-3,84.6593024325557,84.83650104608387,4.548771157887739,4.717677152942822,1219.4078710163012,28139.467903994955,26920.027776970528,21.32182399177939,211.96872265331123,211.74173499457538,213.8256447389722,214.6635928656906,209.56854103133082,216.16176795214415,22.963366019050042,1132.2381909703836
85,wanferenz-greedy,84.87785147735849,84.97775695286691,greedy-4,85.15006204834208,84.97775695286691,4.528570055997748,4.6948176366468175,1213.8503770111129,28264.992794021964,27051.10396805685,21.41944385602145,213.00081864611693,212.93946309015155,215.05689637269825,216.37947037350386,209.11831106059253,217.10538200568408,23.054837164486017,1127.7459829580039
85,wanferenz-dspark,84.87785147735849,84.97775695286691,spec-1,84.50285549042746,84.79008096037433,6.582379659570553,6.994854114377275,1207.8766589984298,19445.854936959222,18156.20425005909,21.52537662376817,142.96223818944165,149.1526870522648,233.44652992673218,234.95294791646302,80.11446997988969,235.91310309711844,23.167332998064182,1122.269878978841
85,wanferenz-dspark,84.87785147735849,84.97775695286691,spec-2,84.04050901299343,84.80818348471075,6.57718103496223,6.989202241930163,1208.9267319533974,19461.225001956336,18170.886405045167,21.506679695955526,143.07784570901705,149.90799908991903,233.42339985538274,236.07321050018072,79.57904203794897,238.0785649875179,23.141954192965475,1123.5006250208244
85,wanferenz-dspark,84.87785147735849,84.97775695286691,spec-3,85.01092594815418,84.64132447261363,6.575809067614088,6.986465460852896,1207.1486569475383,19465.285363956355,18178.004416055046,21.538358055871107,143.13389303980352,149.4840729283169,233.3740317961201,234.8377240775153,79.84705700073391,236.06538295280188,23.19056861678588,1121.14542897325
85,wanferenz-dspark,84.87785147735849,84.97775695286691,spec-4,84.74554098211229,85.11451800586656,6.574664935614058,6.990257642814287,1218.3344510849565,19468.67273899261,18168.14293398056,21.340609696168706,143.0562435746501,149.97506700456142,233.58230855083093,233.9905727421865,79.4787670020014,237.3758809408173,22.980653777810925,1131.3864371040836
85,llama.cpp-rpc,84.95196601143107,85.20443248562515,llama-1,85.35204653162509,84.82310752151534,4.214545198801855,5.61008338461905,7732.9823799664155,30371.011333889328,22637.80968892388,3.3622215495223875,178.25046999152661,178.20081405807287,182.03014247119427,183.2180394954048,171.61030299030244,192.8482869407162,3.363218983456714,7730.689
85,llama.cpp-rpc,84.95196601143107,85.20443248562515,llama-2,84.17907200055197,84.87651351606473,4.245300043952377,5.658736229382212,7707.697618985549,30150.9901949903,22443.17367905751,3.3732511685405218,176.7179029847048,176.4140819432214,182.7547252876684,185.42593758087605,170.8347600651905,188.47351206932217,3.3740280041728936,7705.923
85,llama.cpp-rpc,84.95196601143107,85.20443248562515,llama-3,84.72080802312121,84.7278949804604,4.2376608582613615,5.652000177198086,7735.284702037461,30205.343061010353,22469.921446987428,3.361220821407083,176.92851533060966,177.1980969933793,181.17401822237298,184.9977401574142,170.89639010373503,187.42232001386583,3.361831753509461,7733.879
85,llama.cpp-rpc,84.95196601143107,85.20443248562515,llama-4,84.76335200248286,85.20443248562515,4.226442432889208,5.628687567533006,7722.3217990249395,30285.518383956514,22562.986215925775,3.3668630596672227,177.66130878681713,177.7424169704318,182.50551314558834,184.50311621883884,170.2376800822094,194.05458797700703,3.3678115196511156,7720.147
90,wanferenz-greedy,89.73877504467964,89.45073647191748,greedy-1,89.61388556053862,89.46254849433899,4.439939960089516,4.600501825339812,1223.502591950819,28829.21867200639,27605.68408004474,21.250465811064764,217.36759118145463,217.21593698021024,219.81900772079825,220.66091446205974,214.39286996610463,221.54459403827786,22.963024545698815,1132.255028001964
90,wanferenz-greedy,89.73877504467964,89.45073647191748,greedy-2,89.85546900657937,89.31778295664117,4.442131025326286,4.601952972799523,1217.982129077427,28814.998763031326,27596.979097928852,21.346782829805527,217.29904801518782,217.00675005558878,219.75153578678146,220.72633209172636,214.6108209853992,222.15545806102455,23.068053183920775,1127.099881065078
90,wanferenz-greedy,89.73877504467964,89.45073647191748,greedy-3,89.72504053963348,89.37577798496932,4.437820305141024,4.596818981055703,1215.150670032017,28842.988494085148,27627.800990943797,21.396523609138075,217.54174008617164,217.54752099514008,219.49521478964016,220.45254832832143,214.7635379806161,221.37471102178097,23.115140358023076,1124.8038989724591
90,wanferenz-greedy,89.73877504467964,89.45073647191748,greedy-4,89.39061203273013,89.45073647191748,4.432458412949005,4.591557493728665,1218.3808150002733,28877.87951400969,27659.459818038158,21.339797606706544,217.79102218927684,217.6404899219051,219.44035997148603,220.28181831585243,215.476080076769,220.9123430075124,23.081482490233903,1126.444109948352
90,wanferenz-dspark,89.73877504467964,89.45073647191748,spec-1,89.49804393341765,89.60924402344972,6.442931555674861,6.843576440670495,1227.037476026453,19866.732851951383,18557.54824995529,21.18924687141298,146.12242716500228,155.39346600417048,238.6718582129106,240.22635703906417,79.90572601556778,240.85586902219802,22.895196161790075,1135.6094010407105
90,wanferenz-dspark,89.73877504467964,89.45073647191748,spec-2,89.1596264555119,89.50256352545694,6.443628355500436,6.845265500657132,1229.4577340362594,19864.584507071413,18552.969200070947,21.14753462458857,146.08637165410195,154.4289169833064,238.3897947263904,239.62134802015498,79.91308497730643,241.94598500616848,22.848649024939558,1137.9228580044582
90,wanferenz-dspark,89.73877504467964,89.45073647191748,spec-3,89.32930597802624,89.746545010712,6.446366812561015,6.844323124056655,1219.4537810282782,19856.14590696059,18555.523708928376,21.32102126746949,146.10648589707384,155.65301291644573,238.88044516788796,240.3669079951942,78.88179796282202,242.2340769553557,23.034591772946865,1128.7371730431914
90,wanferenz-dspark,89.73877504467964,89.45073647191748,spec-4,89.11368600092828,89.17937095975503,6.444481425114279,6.843655946718964,1222.4104250781238,19861.9549900759,18557.332657976076,21.26945211411981,146.1207295903628,154.9163799500093,238.627773639746,239.44303050870076,79.947529011406,241.38048093300313,22.986387969570917,1131.104201078415
90,llama.cpp-rpc,88.81487196777016,89.42684554494917,llama-1,89.06264050165191,89.6703694597818,4.034250034319066,5.3910181139203,8170.503714936785,31728.325936943293,23557.702333084308,3.1821783462956494,185.49371915814416,185.46169390901923,191.14259867928922,194.37988840742037,175.42803497053683,194.66349598951638,3.182819044862936,8168.859
90,llama.cpp-rpc,88.81487196777016,89.42684554494917,llama-2,90.35232401220128,89.80052045080811,4.0005139670201935,5.33687344347932,8199.00281005539,31995.888792094775,23796.704445965588,3.1711173422349823,187.37562555878415,187.7004859270528,193.27277523698285,195.27362559223548,177.68301907926798,195.6907920539379,3.1717164866066954,8197.454
90,llama.cpp-rpc,88.81487196777016,89.42684554494917,llama-3,89.29547801380977,89.59075901657343,4.084830398320724,5.486780080128369,8188.737589982338,31335.450317012146,23146.54463005718,3.1750925846991365,182.25625692958408,181.4683610573411,190.69633961189538,193.01245653769,174.47416996583343,193.91416001599282,3.175579888368596,8187.481
90,llama.cpp-rpc,88.81487196777016,89.42684554494917,llama-4,89.56394298002124,89.42684554494917,4.068609002953254,5.445640836668888,8138.85594997555,31460.383611964062,23321.405838010833,3.1945521778252024,183.63311683473097,183.69422503747046,188.40493402676657,190.86308053694665,175.5063160089776,200.34040906466544,3.195065246304508,8137.549
95,wanferenz-greedy,94.85763247357681,94.47860100772232,greedy-1,93.69235549820587,94.16056203190237,4.347502896774928,4.505854923634104,1256.6034520277753,29442.188548040576,28185.55016804021,20.690695985311766,221.93346589008038,221.23209096025676,230.33847673796117,232.12591368937865,218.53675204329193,232.59369400329888,22.383787192406995,1161.555003025569
95,wanferenz-greedy,94.85763247357681,94.47860100772232,greedy-2,94.51891906792298,94.35137052787468,4.333594586328978,4.486288178315383,1228.1688359798864,29536.680796998553,28308.480184990913,21.169727840599435,222.901418779456,222.71072200965136,225.24708772543818,225.6728501128964,220.42166895698756,227.92814997956157,22.981973685782425,1131.3214589608833
95,wanferenz-greedy,94.85763247357681,94.47860100772232,greedy-3,94.63646856602281,94.78654601844028,4.333279876806925,4.486222470415418,1229.9001009669155,29538.825933006592,28308.894807938486,21.139928340163138,222.9046835270747,222.7900919970125,225.13861971674487,226.559057100676,220.3359380364418,227.65793395228684,22.927134915823142,1134.0274349786341
95,wanferenz-greedy,94.85763247357681,94.47860100772232,greedy-4,93.58751046238467,94.47860100772232,4.327114621510795,4.481505844401369,1242.187847965397,29580.912731937133,28338.688916061074,20.930811746859295,223.1392828036305,222.81918895896524,226.24310640385374,232.16756306821478,220.1831639977172,233.9288570219651,22.670636840320654,1146.8579459469765
95,wanferenz-dspark,94.85763247357681,94.47860100772232,spec-1,94.77218001848087,94.33756006183103,6.318353884546401,6.702780454718396,1228.9003370096907,20258.441096986644,18947.360853897408,21.157126592760445,149.1918177472237,159.13594898302108,244.16731738019735,245.6325489282608,79.5258799334988,247.11204005870968,22.940293384158736,1133.3769609918818
95,wanferenz-dspark,94.85763247357681,94.47860100772232,spec-2,94.39601644407958,94.72997603006661,6.311588896210237,6.69710471333998,1236.6909349802881,20280.15482390765,18963.41858699452,21.023846188711993,149.31825659050804,159.41807406488806,244.1691035986878,245.34652618225664,78.9779219776392,248.8284930586815,22.812346128052233,1139.7337149828672
95,wanferenz-dspark,94.85763247357681,94.47860100772232,spec-3,94.54229747643694,94.4392554811202,6.323938896048905,6.708027166349363,1226.3761929934844,20240.549775073305,18932.541096000932,21.20067247598481,149.07512674016482,158.65743393078446,243.4575475519523,245.551364608109,79.60788696072996,248.50256508216262,23.004748096265345,1130.201464984566
95,wanferenz-dspark,94.85763247357681,94.47860100772232,spec-4,95.04840994486585,94.01872399030253,6.32054333822471,6.705359405626068,1228.3541799988598,20251.423517009243,18940.073502017185,21.166533580749597,149.13443702375736,159.86935701221228,243.99351108586416,246.09474681084976,79.65426903683692,247.18360998667777,22.953605915170087,1132.7196300262585
95,llama.cpp-rpc,94.97544541954994,94.77311198133975,llama-1,95.12290102429688,95.08883603848517,3.917819820510659,5.276186378705499,8600.641575991176,32671.23192595318,24070.41580497753,3.0230302902726933,189.5308331100593,189.59726905450225,196.19206323986873,198.16849004244432,180.62228604685515,202.8423990122974,3.0234048748449927,8599.576
95,llama.cpp-rpc,94.97544541954994,94.77311198133975,llama-2,94.53839249908924,94.47238402208313,3.8682274083780914,5.192406255758446,8631.174915004522,33090.091787977144,24458.79496796988,3.0123361252708873,192.58893675566836,192.5976009806618,197.58521761978045,198.78986996831372,184.92142390459776,203.04611092433333,3.0127183062034186,8630.08
95,llama.cpp-rpc,94.97544541954994,94.77311198133975,llama-3,94.97505746548995,94.81092944042757,3.9730567147605904,5.376668955682911,8596.32109105587,32217.008009087294,23620.572709012777,3.0245496561374337,185.98876148828958,186.02881801780313,189.58292518509552,196.00975201465187,178.7939560599625,203.55403097346425,3.025094086243571,8594.774
95,llama.cpp-rpc,94.97544541954994,94.77311198133975,llama-4,95.01112950965762,94.77311198133975,3.9364658457271458,5.304732550276601,8575.469695962965,32516.476711956784,23940.886519034393,3.0319038981899618,188.51091747271175,188.54186800308526,195.40284303948283,197.73121516453102,180.99489202722907,198.16792604979128,3.0324448269990225,8573.94
100,wanferenz-greedy,99.70824705669656,100.06284952396527,greedy-1,99.58405903307721,99.8522819718346,4.257876919575415,4.4060131344934454,1237.6521360129118,30061.93049205467,28824.244532035664,21.00751838376721,226.96255537035955,226.77081206347793,228.7883565411903,230.31599067617208,224.42880203016102,230.85210600402206,22.873581611771872,1136.6825030418113
100,wanferenz-greedy,99.70824705669656,100.06284952396527,greedy-2,100.02086398890242,99.84906949102879,4.2594247366440845,4.407606125611315,1237.1473229723051,30051.006395020522,28813.82691208273,21.016090418022138,226.88052686679316,226.6480780672282,229.16682427749038,230.0188204133883,224.659860949032,230.46015796717256,22.901080156373485,1135.3176279226318
100,wanferenz-greedy,99.70824705669656,100.06284952396527,greedy-3,99.71302101621404,99.63791503105313,4.247060551491077,4.400128139589684,1275.6653529359028,30138.491892954335,28862.795802997425,20.381520859026104,227.2661086850191,227.22280002199113,229.733706288971,230.40000496897846,224.50888401363045,230.7346829911694,22.121196477089654,1175.343296956271
100,wanferenz-greedy,99.70824705669656,100.06284952396527,greedy-4,99.9147460097447,100.06284952396527,4.2523165655812445,4.400799449923603,1242.807696107775,30101.23964806553,28858.392990892753,20.920372541485538,227.2314408731713,227.13934897910804,229.43904888816178,230.3694744128734,224.83402793295681,230.97360297106206,22.78447564126026,1141.127863083966
100,wanferenz-dspark,99.70824705669656,100.06284952396527,spec-1,100.02389806322753,99.84097653068602,6.205965348016579,6.578420496715771,1237.925486988388,20625.316582038067,19305.54607498925,21.002879634744836,152.012173818813,164.7096760571003,249.07667801016942,250.37358526140451,79.70730098895729,253.37423104792833,22.860217158842158,1137.3470260296017
100,wanferenz-dspark,99.70824705669656,100.06284952396527,spec-2,99.49532698374242,99.58320698933676,6.211927928465629,6.588928776350449,1249.3876629741862,20605.519167962484,19274.75683996454,20.810194281978585,151.76973889735856,165.35969404503703,248.28649668488652,250.6224277545698,79.71569907385856,250.81436103209853,22.637425537448497,1148.540497990325
100,wanferenz-dspark,99.70824705669656,100.06284952396527,spec-3,99.58286699838936,99.62812950834632,6.203923415046132,6.577596643756252,1242.0861180871725,20632.105111028068,19307.964120991528,20.932526031319238,152.0312135511144,164.9818770820275,248.5623796354048,249.4138499069959,79.36386903747916,253.6258000181988,22.785314451236637,1141.0858540330082
100,wanferenz-dspark,99.70824705669656,100.06284952396527,spec-4,99.64646608568728,99.88483355846256,6.217203501107122,6.592476224821962,1240.9240049310029,20588.0344719626,19264.384985086508,20.952129136582894,151.68807074871268,163.8221580069512,247.94525792822242,250.38889857940376,80.00590291339904,253.24710796121508,22.803229527735706,1140.189373982139
100,llama.cpp-rpc,99.59838050417602,100.054923503194,llama-1,99.78154045529664,100.00647697597742,3.8543752046172557,5.250216523524894,9019.411874935031,33209.01396591216,24189.478554064408,2.8826713271908635,190.4683350713733,190.20400010049343,193.92025000415742,196.66877197334543,185.617595911026,208.4778379648924,2.883043038620912,9018.249
100,llama.cpp-rpc,99.59838050417602,100.054923503194,llama-2,100.04782152827829,100.01420404296368,3.8036148367072475,5.16237944454638,9050.95301894471,33652.19810500275,24601.058749016374,2.8726256721893195,193.70912400800296,194.02323092799634,198.54164557764307,202.97983636381102,185.6446360470727,209.90441902540624,2.8729776999470933,9049.844
100,llama.cpp-rpc,99.59838050417602,100.054923503194,llama-3,99.9000035226345,99.60821899585426,3.80697110226654,5.172754328251222,9070.641158963554,33622.52997502219,24551.716926973313,2.86639053892094,193.3206057241993,193.35504993796349,199.2380494135432,201.6163550480269,185.08104793727398,207.55826402455568,2.8669516122522927,9068.866
100,llama.cpp-rpc,99.59838050417602,100.054923503194,llama-4,100.11667647631839,100.054923503194,3.789630026354366,5.13552749126449,9046.5737960767,33776.384267024696,24729.68944592867,2.8740162393054955,194.72196414117064,194.58766200114042,199.25865293480456,201.09251577639952,186.89279805403203,211.90840902272612,2.8744559262989497,9045.19
